sample_id,target
ID1001187975__Dry_Clover_g,-1.620852
ID1001187975__Dry_Dead_g,-0.91645086
ID1001187975__Dry_Green_g,6.064511
ID1001187975__Dry_Total_g,-7.5668125
ID1001187975__GDM_g,-3.7416255
